<?xml version="1.0" encoding="utf-8" ?><dwsync><file name="_user-edit.php" server="Macintosh HD/Users/tlopez/Websites/online-store/" local="3461188298" remote="319783739105053386" Dst="-1" /><file name="_user-list.php" server="Macintosh HD/Users/tlopez/Websites/online-store/" local="3461188908" remote="319783739105053996" Dst="-1" /><file name=".DS_Store" server="Macintosh HD/Users/tlopez/Websites/online-store/" local="3459117511" remote="319783739102982599" Dst="-1" /><file name="_category-add.php" server="Macintosh HD/Users/tlopez/Websites/online-store/" local="3461184545" remote="319783739105049633" Dst="-1" /><file name="_category-delete.php" server="Macintosh HD/Users/tlopez/Websites/online-store/" local="3461185776" remote="319783739105050864" Dst="-1" /><file name="_category-edit.php" server="Macintosh HD/Users/tlopez/Websites/online-store/" local="3461184522" remote="319783739105049610" Dst="-1" /><file name="_category-list.php" server="Macintosh HD/Users/tlopez/Websites/online-store/" local="3461189235" remote="319783739105054323" Dst="-1" /><file name="_product-add.php" server="Macintosh HD/Users/tlopez/Websites/online-store/" local="3461184359" remote="319783739105049447" Dst="-1" /><file name="_product-delete.php" server="Macintosh HD/Users/tlopez/Websites/online-store/" local="3459030058" remote="319783739102895146" Dst="-1" /><file name="_product-edit.php" server="Macintosh HD/Users/tlopez/Websites/online-store/" local="3461184499" remote="319783739105049587" Dst="-1" /><file name="_product-list.php" server="Macintosh HD/Users/tlopez/Websites/online-store/" local="3461188858" remote="319783739105053946" Dst="-1" /><file name="_user-add.php" server="Macintosh HD/Users/tlopez/Websites/online-store/" local="3461188133" remote="319783739105053221" Dst="-1" /><file name="_user-delete.php" server="Macintosh HD/Users/tlopez/Websites/online-store/" local="3461185663" remote="319783739105050751" Dst="-1" /><file name="_user-view.php" server="Macintosh HD/Users/tlopez/Websites/online-store/" local="3459212691" remote="319783739103077779" Dst="-1" /><file name="category-add.php" server="Macintosh HD/Users/tlopez/Websites/online-store/" local="3459115102" remote="319783739102980190" Dst="-1" /><file name="category-delete.php" server="Macintosh HD/Users/tlopez/Websites/online-store/" local="3461185790" remote="319783739105050878" Dst="-1" /><file name="category-edit.php" server="Macintosh HD/Users/tlopez/Websites/online-store/" local="3459116233" remote="319783739102981321" Dst="-1" /><file name="category-list.php" server="Macintosh HD/Users/tlopez/Websites/online-store/" local="3459115082" remote="319783739102980170" Dst="-1" /><file name="index.php" server="Macintosh HD/Users/tlopez/Websites/online-store/" local="3459023732" remote="319783739102888820" Dst="-1" /><file name="product-add.php" server="Macintosh HD/Users/tlopez/Websites/online-store/" local="3459024786" remote="319783739102889874" Dst="-1" /><file name="product-delete.php" server="Macintosh HD/Users/tlopez/Websites/online-store/" local="3459024813" remote="319783739102889901" Dst="-1" /><file name="product-edit.php" server="Macintosh HD/Users/tlopez/Websites/online-store/" local="3459024802" remote="319783739102889890" Dst="-1" /><file name="product-list.php" server="Macintosh HD/Users/tlopez/Websites/online-store/" local="3459024847" remote="319783739102889935" Dst="-1" /><file name="user-add.php" server="Macintosh HD/Users/tlopez/Websites/online-store/" local="3459211202" remote="319783739103076290" Dst="-1" /><file name="user-delete.php" server="Macintosh HD/Users/tlopez/Websites/online-store/" local="3461185607" remote="319783739105050695" Dst="-1" /><file name="user-edit.php" server="Macintosh HD/Users/tlopez/Websites/online-store/" local="3459211195" remote="319783739103076283" Dst="-1" /><file name="user-list.php" server="Macintosh HD/Users/tlopez/Websites/online-store/" local="3459211190" remote="319783739103076278" Dst="-1" /><file name="user-view.php" server="Macintosh HD/Users/tlopez/Websites/online-store/" local="3459211719" remote="319783739103076807" Dst="-1" /></dwsync>