[{
    "city_id": "1",
    "country_id": "1",
    "city": "San Juan"
},{
    "city_id": "2",
    "country_id": "1",
    "city": "Dorado"
},{
    "city_id": "3",
    "country_id": "1",
    "city": "Guaynabo"
},{
    "city_id": "4",
    "country_id": "2",
    "city": "Barranquilla"
},{
    "city_id": "5",
    "country_id": "2",
    "city": "Bogotá"
},{
    "city_id": "6",
    "country_id": "3",
    "city": "New York City"
},{
    "city_id": "7",
    "country_id": "3",
    "city": "Washington D.C."
},{
    "city_id": "8",
    "country_id": "1",
    "city": "Isabela"
},{
    "city_id": "9",
    "country_id": "1",
    "city": "Caguas"
}]